{
    "loss": 1.1984169483184814,
    "accuracy": 0.7844827771186829
}